{
  "v0": 0.39960524038148476,
  "kappaQ": 9.066376152811507,
  "thetaQ": 0.31135539043974536,
  "xi": 1.6777039215921268,
  "rho": 0.902493730705993,
  "S0": 292.03,
  "opt_cost": 0.08255245953371002,
  "opt_seconds": 834.7981222999988,
  "objective": "relative_RMSE",
  "feller_enforced": true,
  "xi_min": 0.1
}