{
  "v0": 0.4277682473860416,
  "kappaQ": 6.42454704927128,
  "thetaQ": 0.3152565778966837,
  "xi": 1.9999999864881906,
  "rho": 0.5215127127124299,
  "S0": 292.03,
  "opt_cost": 0.0716357087564623,
  "opt_seconds": 791.7696268
}