{
  "model": "Heston",
  "as_of": "2025-10-24T14:29:49.431718+00:00",
  "S0": 292.03,
  "lambda": 0.020163213075026467,
  "lambda_bounds": [
    0.02,
    0.05
  ],
  "pricing_rate": "r + lambda",
  "objective": "relative_RMSE",
  "feller_enforced": true,
  "xi_min": 0.1,
  "v0": 0.42361168692271367,
  "kappaQ": 5.916695730840783,
  "thetaQ": 0.25789559934963385,
  "xi": 1.2314568111931656,
  "rho": 0.9667688650193424,
  "opt_cost": 0.09455553682835656,
  "opt_seconds": 882.7196305999996
}