QMC_size,LSMC_size,QMC_Sput_min,QMC_Sput_max,LSMC_Sput_min,LSMC_Sput_max
30188,30188,8.907105461419723,873.5885671440568,8.907105461419707,873.5885671440568
